<?xml version="1.0" encoding="UTF-8" ?>
<odoo>
    <record id="cron_scheduler_for_fleet" model="ir.cron">
        <field name="name">Fleet scheduler</field>
        <field name="model_id" ref="fleet_rental.model_car_rental_contract"/>
        <field name="state">code</field>
        <field name="code">model.fleet_scheduler()</field>
        <field name="active" eval="True"/>
        <field name="user_id" ref="base.user_root"/>
        <field name="interval_number">1</field>
        <field name="interval_type">days</field>
        <field name="numbercall">-1</field>
        <field name="doall" eval="False"/>
    </record>
</odoo>
