<?xml version="1.0" encoding="UTF-8" ?>
<odoo>
    <!--  Record rule for Car Rental Contract multi-company-->
    <record id="car_rental_contract_multi_company_rule" model="ir.rule">
        <field name="name">Car Rental Contract multi-company</field>
        <field name="model_id" ref="fleet_rental.model_car_rental_contract"/>
        <field eval="True" name="global"/>
        <field name="domain_force">
            ['|',('company_id','=',False),('company_id','in', company_ids)]
        </field>
    </record>
    <!--  Record rule for Car Rental Checklist multi-company-->
    <record id="car_rental_checklist_multi_company_rule" model="ir.rule">
        <field name="name">Car Rental Checklist multi-company</field>
        <field name="model_id" ref="fleet_rental.model_car_rental_checklist"/>
        <field eval="True" name="global"/>
        <field name="domain_force">
            ['|',('company_id','=',False),('company_id','in', company_ids)]
        </field>
    </record>
</odoo>