<?xml version="1.0" ?>
<odoo>
    <!--    Group Rental User-->
    <record id="fleet_rental_group_user" model="res.groups">
        <field name="name">Rental User</field>
        <field name="category_id" ref="fleet.module_fleet_category"/>
        <field name="implied_ids" eval="[(4, ref('base.group_user')), (4, ref('fleet.fleet_group_user')),
                                             (4, ref('account.group_account_user'))]"/>
    </record>
    <!--    Group Manager-->
    <record id="fleet.fleet_group_manager" model="res.groups">
        <field name="name">Manager</field>
        <field name="implied_ids"
               eval="[(4, ref('fleet.fleet_group_user')), (4, ref('fleet_rental_group_user'))]"/>
        <field name="category_id" ref="fleet.module_fleet_category"/>
        <field name="users" eval="[(4, ref('base.user_root'))]"/>
    </record>
    <!--    Group User-->
    <record id="fleet.fleet_rule_vehicle_visibility_user" model="ir.rule">
        <field name="name">User can only see his/her vehicle</field>
        <field name="model_id" ref="fleet.model_fleet_vehicle"/>
        <field name="groups"
               eval="[(4, ref('fleet.fleet_group_user')), (4, ref('fleet_rental_group_user'))]"/>
        <field name="perm_read" eval="True"/>
        <field name="perm_write" eval="True"/>
        <field name="perm_create" eval="True"/>
        <field name="perm_unlink" eval="False"/>
        <field name="domain_force">[]</field>
    </record>

</odoo>
